player_id,player_name,ERA,FIP,WHIP,K9,BB9,HR9,KBB,QS,GS,year
10058,양현종,3.5800000000000005,3.69782,1.34,7.0,2.526,0.684,2.7708,14.0,29.0,2023
10126,김광현,3.53,4.18552,1.38,6.362,3.743,0.588,1.7,16.0,30.0,2023
10131,박종훈,6.19,6.35053,1.7100000000000002,6.3,6.75,0.9,0.9333,4.0,16.0,2023
10220,이재학,4.54,5.06265,1.31,5.748,4.411,0.802,1.303,5.0,13.0,2023
10299,장원준,5.27,4.52977,1.56,5.268,2.415,0.8779999999999999,2.1818,1.0,10.0,2023
10363,백정현,3.67,3.90591,1.29,5.453999999999999,2.682,0.536,2.0333,8.0,18.0,2023
10367,오승환,3.4500000000000006,4.5945,1.15,6.319,2.154,1.293,2.9333,0.0,1.0,2023
10533,정찬헌,4.75,3.8979,1.17,4.375,1.625,0.5,2.6923,8.0,14.0,2023
10609,이태양,3.23,3.59613,1.21,6.458,1.884,0.628,3.4286,1.0,12.0,2023
10610,장민재,4.83,4.83189,1.46,7.957,2.87,1.565,2.7727,2.0,13.0,2023
10652,임찬규,3.42,4.1562,1.35,6.408,3.359,0.622,1.9074,7.0,26.0,2023
10685,김대우,4.5,4.39928,1.38,6.891,3.094,0.984,2.2273,0.0,5.0,2023
10783,문승원,5.23,4.84262,1.65,5.571,3.0,1.029,1.8571,4.0,12.0,2023
10812,한승혁,6.44,4.95295,1.9,6.936,5.202,0.743,1.3333,0.0,7.0,2023
10863,한현희,5.450000000000001,4.96852,1.61,6.404,3.808,0.952,1.6818,5.0,18.0,2023
10909,임기영,2.96,3.92733,0.91,6.255999999999999,2.085,0.659,3.0,0.0,0.0,2023
11232,이인복,6.48,5.09728,1.92,4.05,2.7,0.81,1.5,0.0,7.0,2023
11242,이건욱,2.09,4.00963,1.45,7.216,5.819,0.0,1.24,0.0,1.0,2023
11284,조이현,6.69,4.36357,1.91,4.371,1.543,0.771,2.8333,0.0,4.0,2023
11308,고영표,2.78,3.19146,1.15,5.874,0.979,0.361,6.0,21.0,27.0,2023
11310,박세웅,3.4500000000000006,3.62136,1.32,7.538999999999999,3.448,0.468,2.1864,16.0,27.0,2023
11311,심재민,3.77986013986014,3.998238181818182,1.5702097902097902,5.009,6.0765,0.1969999999999999,1.125,0.0,12.0,2023
11318,엄상백,3.63,3.35675,1.16,7.173,2.337,0.484,3.0689999999999995,9.0,19.0,2023
11323,주권,4.4,5.27694,1.4499999999999995,3.255,3.638,0.766,0.8947000000000002,0.0,3.0,2023
11353,구창모,2.9600000000000004,3.0209,1.05,9.755,2.7869999999999995,0.697,3.5,3.0,9.0,2023
11379,최원태,,,,,,,,,,2023
11394,배제성,4.49,4.76079,1.7,5.455,5.317,0.414,1.026,6.0,24.0,2023
11404,장필준,7.909999999999999,5.90273,2.07,5.121,5.586,0.931,0.9167,0.0,3.0,2023
11410,김민우,6.97,4.95057,1.8,7.49,4.877,1.045,1.5357,2.0,12.0,2023
12295,윌커슨,2.26,2.61163,1.09,9.151,2.259,0.339,4.05,11.0,13.0,2023
12565,최성영,4.86,5.21578,1.64,5.13,4.32,0.81,1.1875,1.0,13.0,2023
12852,최원준,4.93,4.56817,1.37,5.9350000000000005,2.341,0.92,2.5357,7.0,20.0,2023
12865,이승호,5.4,8.20928,1.8,1.8,7.2,1.8,0.25,0.0,1.0,2023
12908,손주영,5.19,4.55313,2.08,5.192,6.231,0.0,0.8333,0.0,2.0,2023
12930,나균안,3.8,3.51092,1.4,7.872000000000001,2.9,0.552,2.7143,12.0,23.0,2023
12944,김건국,6.75,3.41178,1.38,5.062,2.25,0.0,2.25,0.0,5.0,2023
13061,곽빈,2.9,3.95609,1.21,7.492,4.099,0.495,1.8276,13.0,23.0,2023
13070,박신지,5.54,4.5339,1.92,5.192000000000001,3.808,0.346,1.3635999999999997,0.0,1.0,2023
13072,김민규,4.32,4.58128,1.2,5.4,4.32,0.0,1.25,0.0,1.0,2023
13085,신민혁,3.98,4.01486,1.2,7.156,1.844,1.033,3.88,5.0,24.0,2023
13091,안우진,2.39,2.32539,1.06,9.796,2.27,0.299,4.3158,16.0,24.0,2023
13092,김선기,5.98,3.8699,1.63,5.977000000000001,3.0920000000000005,0.412,1.9333,1.0,7.0,2023
13102,김영준,27.0,13.1493,6.0,0.0,27.0,0.0,0.0,0.0,0.0,2023
13125,조성훈,6.43,5.07786,2.0,5.143,5.143,0.0,1.0,0.0,2.0,2023
13147,정성종,5.32,5.36747,1.6400000000000003,4.091,6.135999999999999,0.409,0.6667,0.0,3.0,2023
13149,김동우,,,,,,,,,,2023
13152,최하늘,19.89,9.84928,3.0,4.263,7.105,2.842,0.6,0.0,2.0,2023
13156,최채흥,6.68,5.11876,1.67,4.689,2.274,1.279,2.0625,2.0,14.0,2023
13157,양창섭,9.1,7.54696,2.13,3.767,5.022999999999999,2.198,0.75,0.0,4.0,2023
13167,김민,6.83,5.3217,1.93,6.828,4.966,0.931,1.375,0.0,4.0,2023
13242,홍정우,7.5,5.95484,1.58,5.5,5.25,1.25,1.0476,0.0,1.0,2023
13934,켈리,3.83,3.4910800000000006,1.24,6.497999999999999,1.965,0.504,3.3077,18.0,30.0,2023
13940,요키시,4.39,3.25385,1.46,6.99,1.919,0.411,3.6429,6.0,12.0,2023
13941,알칸타라,2.67,3.37741,1.07,7.594,1.641,0.75,4.6286,22.0,31.0,2023
13942,쿠에바스,2.6,2.78398,1.04,7.872,1.889,0.315,4.1667,14.0,18.0,2023
14111,이선우,4.34,4.91536,1.5,5.786,2.17,1.205,2.6667,0.0,4.0,2023
14113,원태인,3.24,4.16595,1.27,6.12,2.04,0.9,3.0,17.0,26.0,2023
14134,이정용,4.15,3.84467,1.37,5.192,1.973,0.519,2.6316,5.0,13.0,2023
14135,이상영,3.27,6.040189999999999,1.82,3.273,6.545000000000001,0.0,0.5,0.0,2.0,2023
14143,이지강,3.97,4.83899,1.29,5.029,3.706,0.529,1.3571,1.0,12.0,2023
14145,백승건,4.97,5.52034,1.53,6.868000000000001,4.026,1.658,1.7059000000000002,0.0,2.0,2023
14155,송명기,4.83,5.38379,1.4699999999999998,5.607,4.054,1.035,1.3830000000000002,3.0,17.0,2023
14581,오원석,5.23,4.90481,1.5699999999999998,5.475,4.293,0.684,1.2754,7.0,27.0,2023
14588,김윤식,4.22,4.24303,1.49,5.063,3.013,0.482,1.68,2.0,16.0,2023
14589,이민호,5.03,5.14081,1.63,3.203,4.576,0.4579999999999999,0.7,0.0,5.0,2023
14595,정구범,7.82,8.42034,2.21,4.263,8.526,2.132,0.5,0.0,2.0,2023
14600,소형준,11.45,5.71292,2.27,3.273,2.455,0.818,1.3333,0.0,3.0,2023
14613,허윤동,10.13,5.46178,2.63,6.75,10.125,0.0,0.6667,0.0,1.0,2023
14615,황동재,7.11,6.22402,1.93,7.674,5.968,1.705,1.2857,0.0,7.0,2023
14617,뷰캐넌,2.54,3.04556,1.15,6.654,2.059,0.191,3.2326,21.0,30.0,2023
14619,남지민,6.45,3.80415,1.78,5.496,3.106,0.0,1.7692,1.0,7.0,2023
14621,한승주,3.9500000000000006,4.44928,1.58,7.005,3.948,0.764,1.7742,0.0,6.0,2023
14627,스트레일리,4.37,4.37335,1.48,7.842,4.145,0.672,1.8919,4.0,16.0,2023
14674,김동혁,7.32,4.51793,1.7500000000000002,5.492,4.119,0.2289999999999999,1.3333,0.0,2.0,2023
14763,이용준,4.3,5.00003,1.55,6.716,5.91,0.672,1.1364,1.0,12.0,2023
14769,김동주,4.14,4.26928,1.38,6.779,4.021,0.574,1.6856999999999998,4.0,17.0,2023
14770,최승용,3.97,4.02856,1.3500000000000003,6.649,2.757,0.73,2.4118,4.0,20.0,2023
14780,강효종,6.23,4.78621,1.7100000000000002,5.815,4.985,0.415,1.1667,0.0,7.0,2023
14784,장재영,5.53,5.37719,1.7999999999999998,8.414,8.288,0.502,1.0152,2.0,17.0,2023
14788,이의리,3.96,3.62675,1.49,10.663,6.357,0.273,1.6774,6.0,28.0,2023
14799,이재희,3.38,5.71178,1.13,5.625,5.625,1.125,1.0,0.0,1.0,2023
14808,김기중,4.63,4.68893,1.54,7.349,4.633,0.639,1.5862,0.0,6.0,2023
15001,수아레즈,3.92,3.11873,1.49,7.333,2.667,0.25,2.75,10.0,19.0,2023
15003,플럿코,2.41,3.1390099999999994,1.18,7.37,2.2620000000000005,0.365,3.2581,15.0,21.0,2023
15011,반즈,3.28,3.4031,1.33,7.766999999999999,2.959,0.317,2.625,18.0,30.0,2023
15013,문동주,3.72,3.65125,1.31,7.205,3.185,0.455,2.2619,7.0,23.0,2023
15063,황동하,6.61,6.408860000000001,1.79,5.457,6.032,1.436,0.9048,0.0,6.0,2023
15067,주승우,9.56,7.79928,2.56,4.5,11.812,0.562,0.381,0.0,2.0,2023
15073,이명종,5.209999999999999,5.38437,1.58,4.105,3.789,0.789,1.0833,0.0,2.0,2023
15101,이원재,27.0,13.1493,6.0,0.0,27.0,0.0,0.0,0.0,1.0,2023
15143,벤자민,3.54,3.14428,1.21,8.831,2.531,0.675,3.4889,11.0,29.0,2023
15146,페냐,3.6000000000000005,4.06244,1.17,7.461,2.994,0.711,2.4915,19.0,32.0,2023
15147,파노니,4.26,3.65374,1.32,7.215,2.514,0.656,2.8696,5.0,15.0,2023
15153,브랜든,2.4900000000000007,3.1594800000000003,1.05,8.599,2.58,0.344,3.3333,13.0,18.0,2023
15421,김서현,7.25,5.63585,2.01,10.478,9.269,0.403,1.1304,0.0,1.0,2023
15432,윤영철,4.04,4.54956,1.4,5.429,3.522,0.734,1.5417,7.0,24.0,2023
15455,이준호,4.83,5.33665,1.48,5.4,4.263,0.853,1.2667,0.0,2.0,2023
15462,송영진,5.7,4.75774,1.63,7.225,5.893999999999999,0.57,1.2258,1.0,9.0,2023
15474,오상원,6.6,5.16262,1.8,4.2,5.4,0.0,0.7778000000000002,0.0,1.0,2023
15485,김동규,22.846153846153843,16.033915384615383,4.153846153846153,1.1249999999999998,50.62499999999999,1.1249999999999998,0.0555499999999999,0.0,2.0,2023
15486,박명근,5.08,4.82136,1.5,7.013,4.909,0.7010000000000001,1.4286,0.0,1.0,2023
15496,이호성,2.65,4.75517,1.24,5.824,5.294,0.529,1.1,0.0,2.0,2023
15528,맥카티,3.39,3.63082,1.3,8.031,3.115,0.692,2.5778,13.0,24.0,2023
15531,후라도,2.65,3.14584,1.12,7.203,2.009,0.343,3.5854,20.0,30.0,2023
15533,앤더슨,3.7599999999999993,3.8265,1.29,7.291,2.962,0.684,2.4615,8.0,14.0,2023
15534,메디나,6.05,5.55963,1.6,5.586,4.5,0.931,1.2414,3.0,12.0,2023
15535,페디,2.0,2.2162,0.95,10.431,1.747,0.449,5.9714,21.0,30.0,2023
15536,와이드너,,,,,,,,,,2023
15538,딜런,8.0,7.6604,1.67,2.0,5.0,2.0,0.4,0.0,2.0,2023
15540,스미스,6.75,3.1367799999999995,1.13,6.75,0.0,0.0,99.99,0.0,1.0,2023
15542,슐서,5.62,4.33653,1.61,6.3420000000000005,2.537,1.087,2.5,3.0,9.0,2023
15643,산체스,3.79,3.92468,1.3,7.071,2.0,0.929,3.5357,8.0,24.0,2023
15644,엘리아스,3.7,4.08685,1.32,6.373,2.261,0.822,2.8182,12.0,21.0,2023
15646,맥키니,6.519999999999999,6.14479,1.6299999999999997,5.916,5.461,1.517,1.0833,4.0,12.0,2023
15648,산체스,5.94,3.76604,1.48,8.34,2.12,0.99,3.9333,3.0,11.0,2023
15653,태너,2.92,3.80753,1.1,6.541,1.809,0.835,3.6154,8.0,11.0,2023
10058,양현종,4.1,4.68571,1.25,6.776,2.154,1.103,3.1463000000000005,15.0,29.0,2024
10126,김광현,4.93,5.1766,1.45,8.538,4.047,1.331,2.1096,13.0,31.0,2024
10131,박종훈,6.94,6.83449,1.66,8.743,5.4,1.8,1.619,1.0,9.0,2024
10156,정우람,99.99,4.23163,99.99,,,,99.99,0.0,1.0,2024
10220,이재학,5.52,5.25719,1.44,8.367,3.623,1.466,2.3095,7.0,21.0,2024
10363,백정현,5.95,5.5168,1.67,6.407,3.089,1.487,2.0741,4.0,15.0,2024
10533,정찬헌,7.88,6.48163,1.81,2.8120000000000003,1.688,1.688,1.6667,0.0,4.0,2024
10590,류현진,3.87,3.72952,1.36,7.674,1.876,0.682,4.0909,16.0,28.0,2024
10609,이태양,11.57,9.48163,2.04,1.929,1.929,3.857,1.0,0.0,1.0,2024
10652,임찬규,3.83,3.8584900000000006,1.39,9.134,2.821,0.806,3.2381,11.0,24.0,2024
10685,김대우,5.5,4.87532,1.49,6.029,2.359,1.049,2.5556,0.0,1.0,2024
10749,이우찬,8.82,5.58311,2.14,8.287,8.02,0.535,1.0333,0.0,1.0,2024
10863,한현희,5.19,4.45565,1.52,8.253,2.83,0.825,2.9167,1.0,5.0,2024
10909,임기영,6.31,5.53674,1.7099999999999995,7.095000000000001,3.35,1.5769999999999995,2.1176,0.0,3.0,2024
11222,하영민,4.37,4.52631,1.5,6.047,3.472,0.479,1.7414,9.0,28.0,2024
11229,김유영,3.78,3.87079,1.38,7.929999999999999,3.0209999999999995,0.378,2.625,0.0,2.0,2024
11232,이인복,9.55,7.87405,1.88,5.455,3.545,2.727,1.5385,1.0,6.0,2024
11242,이건욱,11.37,7.989520000000001,2.58,8.053,7.105,2.368,1.1333,0.0,2.0,2024
11284,조이현,6.3,6.52163,1.58,4.275,2.25,2.025,1.9,0.0,9.0,2024
11300,박정수,5.16,4.69006,1.69,6.674,3.64,0.607,1.8333,0.0,1.0,2024
11308,고영표,4.95,3.77063,1.55,7.11,1.26,0.54,5.6429,9.0,17.0,2024
11310,박세웅,4.78,4.57259,1.41,6.438,2.908,0.675,2.2143,14.0,30.0,2024
11318,엄상백,4.88,4.67014,1.31,9.134,2.413,1.494,3.7857,9.0,29.0,2024
11323,주권,6.67,5.10404,1.5299999999999998,4.8100000000000005,1.707,1.086,2.8182,0.0,1.0,2024
11364,김사윤,4.62,5.03703,1.7600000000000002,8.757,6.081,0.486,1.44,0.0,2.0,2024
11379,최원태,4.26,4.70452,1.44,7.318,4.05,0.711,1.807,10.0,23.0,2024
11410,김민우,2.19,5.08298,1.05,9.486,4.378,1.459,2.1667,1.0,3.0,2024
11491,박소준,11.25,10.5316,2.0,4.5,4.5,4.5,1.0,0.0,1.0,2024
12295,윌커슨,3.84,3.66976,1.21,7.642,1.236,0.824,6.1852,18.0,32.0,2024
12565,최성영,5.79,5.37377,1.76,5.593,3.279,1.35,1.7059,1.0,4.0,2024
12568,이영하,3.99,4.56377,1.5,8.128,4.959,0.551,1.6389,0.0,1.0,2024
12852,최원준,6.46,6.14708,1.45,5.891,2.782,1.718,2.1176,3.0,24.0,2024
12908,손주영,3.79,4.61665,1.46,6.968,3.359,0.684,2.0741,11.0,27.0,2024
12928,윤성빈,45.0,20.0316,6.0,9.0,18.0,9.0,0.5,0.0,1.0,2024
12930,나균안,8.51,6.42204,2.21,9.123,5.795,1.849,1.5745,2.0,14.0,2024
12944,김건국,7.859999999999999,5.99959,1.81,5.243,3.67,1.311,1.4286,0.0,3.0,2024
13061,곽빈,4.24,4.21016,1.3,8.266,4.08,0.59,2.0263,17.0,30.0,2024
13070,박신지,2.08,6.68932,1.85,3.115,8.308,0.0,0.375,0.0,1.0,2024
13072,김민규,4.32,7.17963,1.6800000000000004,6.84,6.84,1.44,1.0,0.0,4.0,2024
13080,김시훈,4.53,5.13256,1.57,6.205,4.947,0.587,1.2542000000000002,3.0,18.0,2024
13085,신민혁,4.31,5.27791,1.29,5.504,1.19,1.488,4.625,10.0,24.0,2024
13092,김선기,5.54,6.35914,1.59,5.07,3.537,1.533,1.4333,1.0,6.0,2024
13156,최채흥,6.3,6.78163,1.8,6.3,5.4,1.8,1.1667,0.0,1.0,2024
13167,김민,4.31,3.67042,1.44,8.961,3.142,0.582,2.8519,0.0,1.0,2024
13245,이상규,5.63,5.48163,1.69,7.594,4.219,1.406,1.8,0.0,3.0,2024
13268,김호준,8.78,6.15913,1.95,4.05,2.7000000000000006,0.6750000000000002,1.5,0.0,1.0,2024
13934,켈리,4.51,4.94776,1.37,5.463,1.979,1.029,2.76,11.0,19.0,2024
13940,요키시,5.72,5.50027,1.81,7.322,4.576,1.144,1.6,2.0,8.0,2024
13941,알칸타라,4.76,5.95391,1.24,4.756,3.078,1.399,1.5455,5.0,12.0,2024
13942,쿠에바스,4.1,4.32221,1.25,7.996000000000001,3.063,0.883,2.6102,19.0,31.0,2024
14111,이선우,5.4,5.15163,1.4,3.6,3.6,0.0,1.0,0.0,1.0,2024
14113,원태인,3.66,4.61743,1.2,6.707999999999999,2.367,0.958,2.8333,13.0,28.0,2024
14128,김도현,4.92,5.39963,1.5699999999999998,7.08,3.72,1.08,1.9032,1.0,10.0,2024
14132,조영건,8.01,6.11044,1.91,7.092999999999999,5.492,1.602,1.2917,0.0,3.0,2024
14135,이상영,3.31,6.08673,1.41,4.408,4.408,0.551,1.0,0.0,3.0,2024
14142,임준형,6.59,5.234070000000001,1.46,8.561,2.634,1.317,3.25,0.0,1.0,2024
14143,이지강,4.53,5.19312,1.62,6.539999999999999,4.36,0.8389999999999999,1.5,0.0,2.0,2024
14163,박진,4.38,4.26609,1.44,6.385,2.007,0.73,3.1818,1.0,3.0,2024
14480,김인범,5.4,6.82742,1.67,3.837,4.405,1.279,0.871,0.0,14.0,2024
14576,이종민,7.629999999999999,7.31407,1.79,4.328,4.534,1.855,0.9545,0.0,9.0,2024
14581,오원석,5.03,5.6182,1.54,8.285,4.808,1.258,1.7231,2.0,25.0,2024
14588,김윤식,12.0,4.46496,2.67,3.0,3.0,0.0,1.0,0.0,1.0,2024
14615,황동재,4.07,4.68877,1.33,6.429,3.857,0.429,1.6667,0.0,6.0,2024
14616,이승민,8.56,8.49712,2.05,4.373,4.944,2.662,0.8846,0.0,8.0,2024
14625,홍민기,12.27,5.486170000000001,2.45,4.909,2.455,0.0,2.0,0.0,1.0,2024
14667,성재헌,7.31,4.941,1.94,5.625,4.5,0.281,1.25,0.0,1.0,2024
14763,이용준,6.68,5.494,1.66,6.95,3.743,1.337,1.8571,1.0,9.0,2024
14769,김동주,6.84,5.50963,1.76,6.3,3.78,1.08,1.6667,0.0,9.0,2024
14770,최승용,6.0,5.76126,1.63,7.0,2.333,2.0,3.0,1.0,6.0,2024
14776,한차현,9.95,7.53163,2.47,8.053,8.526,1.895,0.9444,0.0,5.0,2024
14780,강효종,20.25,16.6066,3.75,13.5,20.25,6.75,0.6667,0.0,1.0,2024
14788,이의리,5.400000000000001,7.64413,2.33,9.45,9.45,2.025,1.0,0.0,4.0,2024
14792,김진욱,5.31,5.26627,1.5699999999999996,9.248,4.677,1.382,1.9773,3.0,18.0,2024
14798,이승현,4.23,5.08697,1.43,7.007999999999999,3.813,0.927,1.8378000000000003,5.0,17.0,2024
14808,김기중,6.5600000000000005,5.98248,1.86,5.949,4.119,1.22,1.4444,1.0,11.0,2024
14847,이믿음,15.75,6.18163,3.75,4.5,9.0,0.0,0.5,0.0,1.0,2024
14871,김규연,7.02,5.48248,1.59,6.102,4.271,0.915,1.4286,0.0,1.0,2024
15011,반즈,3.35,3.89911,1.23,10.215,2.748,1.075,3.7174,17.0,25.0,2024
15013,문동주,5.169999999999999,4.77953,1.67,7.76,3.0720000000000005,1.132,2.5263,7.0,21.0,2024
15028,이기순,3.66,6.29604,1.78,10.983,10.525,0.915,1.0435,0.0,2.0,2024
15045,이민석,7.26,6.557440000000001,2.03,5.806,7.258,0.871,0.8,0.0,5.0,2024
15063,황동하,4.44,5.37937,1.4800000000000002,7.055000000000001,3.832,1.132,1.8409,2.0,21.0,2024
15071,윤석원,11.42,7.80855,2.19,0.519,3.635,1.558,0.1429,0.0,1.0,2024
15143,벤자민,4.63,4.94254,1.26,9.381,2.886,1.6840000000000002,3.25,10.0,28.0,2024
15146,페냐,6.27,5.91645,1.63,6.9910000000000005,4.821,1.446,1.45,2.0,9.0,2024
15153,브랜든,3.12,2.84763,1.15,9.0,1.32,0.36,6.8182,10.0,14.0,2024
15432,윤영철,4.19,5.34591,1.53,6.392000000000001,4.739,0.882,1.3488,3.0,18.0,2024
15450,신영우,10.61,8.45306,2.57,5.786,14.464000000000002,0.0,0.4,0.0,2.0,2024
15453,목지훈,12.0,8.98718,2.78,3.0,10.0,1.0,0.3,0.0,3.0,2024
15455,이준호,7.48,5.67284,1.97,7.662,4.743,1.277,1.6154,0.0,2.0,2024
15462,송영진,5.8,5.41854,1.64,6.07,4.621,0.906,1.3137,3.0,20.0,2024
15496,이호성,7.4,7.047180000000001,2.04,5.6,5.2,1.8,1.0769,0.0,12.0,2024
15508,최준호,5.1,5.54085,1.37,7.216999999999999,3.733,1.369,1.9333,3.0,15.0,2024
15509,김유성,6.43,5.26734,1.86,9.321,7.714,0.321,1.2083,0.0,7.0,2024
15527,강건,11.25,9.33163,3.0,6.75,9.0,2.25,0.75,0.0,1.0,2024
15531,후라도,3.36,3.88907,1.14,7.991,1.513,0.898,5.2813,23.0,30.0,2024
15643,산체스,4.22,3.91288,1.52,9.45,3.544,0.338,2.6667,2.0,11.0,2024
15644,엘리아스,4.08,4.31168,1.2599999999999998,7.569,2.183,0.946,3.4667,10.0,21.0,2024
15860,코너,3.4300000000000006,4.50475,1.09,8.888,2.25,1.181,3.95,13.0,28.0,2024
15861,레예스,3.81,4.31427,1.31,7.125,1.875,0.938,3.8,12.0,26.0,2024
15864,육선엽,5.29,8.29045,2.12,5.824,9.0,1.588,0.6471,0.0,1.0,2024
15882,김대호,11.25,8.18163,2.25,2.25,4.5,2.25,0.5,0.0,1.0,2024
16023,엔스,4.19,4.09505,1.31,8.427,2.684,0.8590000000000001,3.14,13.0,30.0,2024
16027,원상현,7.03,4.68316,2.08,8.128,4.27,0.827,1.9032,1.0,10.0,2024
16028,육청명,5.44,6.501780000000001,1.61,4.03,4.03,1.209,1.0,0.0,10.0,2024
16053,임상현,6.469999999999999,6.388650000000001,1.71,4.686,5.132,1.116,0.913,1.0,7.0,2024
16057,손주환,9.82,4.12254,1.09,9.818,4.909,0.0,2.0,0.0,1.0,2024
16064,카스타노,4.35,4.32835,1.27,7.173,2.015,0.8869999999999999,3.56,12.0,19.0,2024
16065,하트,2.69,3.16602,1.03,10.433,2.178,0.631,4.7895,17.0,26.0,2024
16087,크로우,3.57,3.10849,1.31,9.595,2.678,0.446,3.5832999999999995,1.0,8.0,2024
16088,네일,2.53,3.74078,1.27,8.317,2.109,0.663,3.9429,13.0,26.0,2024
16090,정현수,4.5600000000000005,3.48374,1.35,9.507,4.563,0.0,2.0833,0.0,4.0,2024
16107,황준서,5.38,5.77746,1.82,8.75,6.375,1.125,1.3725,1.0,11.0,2024
16108,조동욱,6.37,5.2926,1.7299999999999998,7.023999999999999,3.073,1.098,2.2857,1.0,8.0,2024
16118,김도빈,54.0,25.5316,12.0,27.0,81.0,0.0,0.3333,0.0,1.0,2024
16122,전준표,6.83,7.217169999999999,1.99,5.855,6.506,1.3009999999999995,0.9,0.0,5.0,2024
16123,김윤하,6.04,5.35441,1.62,4.899,3.987,0.684,1.2286,4.0,12.0,2024
16125,손현기,7.53,6.77814,1.74,5.650999999999999,5.022999999999999,1.256,1.125,0.0,2.0,2024
16138,헤이수스,3.6800000000000006,4.17618,1.25,9.35,2.311,1.156,4.0455,20.0,30.0,2024
16141,더거,12.71,5.13163,2.07,7.147,3.971,0.7939999999999999,1.8,1.0,6.0,2024
16146,앤더슨,3.89,3.63595,1.31,12.294,4.124,0.856,2.9811,9.0,23.0,2024
16148,시라카와,,,,,,,,,,2024
16150,바리아,5.15,3.89818,1.42,8.061,1.748,0.971,4.6111,3.0,19.0,2024
16151,알드레드,4.53,3.73697,1.26,10.718,3.504,0.8240000000000001,3.0588,3.0,9.0,2024
16153,와이스,3.73,3.71454,1.16,9.622,2.847,0.785,3.3793,11.0,16.0,2024
16155,발라조빅,4.26,3.3070700000000004,1.44,10.895,4.421,0.474,2.4643,2.0,11.0,2024
16160,에르난데스,4.02,3.79759,1.21,10.532,3.064,0.957,3.4375,2.0,9.0,2024
16161,라우어,4.93,3.97778,1.36,9.606,3.115,0.779,3.0833,2.0,7.0,2024
16163,스타우트,5.06,4.19413,1.38,11.25,2.8120000000000003,1.125,4.0,0.0,4.0,2024
10058,양현종,5.06,4.34674,1.49,6.412,3.353,0.706,1.9123,11.0,30.0,2025
10126,김광현,5.0,3.77489,1.49,8.625,3.125,0.812,2.76,9.0,28.0,2025
10131,박종훈,7.11,8.9818,1.7400000000000002,4.737,8.526,1.895,0.5556,1.0,5.0,2025
10217,이용찬,10.57,5.75125,2.28,8.217,7.043,0.587,1.1667,0.0,3.0,2025
10363,백정현,1.95,2.7805,0.8,8.629,1.948,0.278,4.4286,0.0,1.0,2025
10590,류현진,3.23,3.37462,1.21,7.88,1.615,0.775,4.88,12.0,26.0,2025
10652,임찬규,3.03,3.81635,1.27,6.006,2.245,0.505,2.675,15.0,27.0,2025
10783,문승원,5.130000000000001,5.58478,1.4,5.212,3.247,1.367,1.6053000000000002,5.0,21.0,2025
10863,한현희,6.23,5.46479,1.73,8.308,2.077,2.077,4.0,0.0,2.0,2025
11222,하영민,4.99,3.78625,1.37,7.864999999999999,2.407,0.763,3.2683,14.0,28.0,2025
11284,조이현,5.4,5.590070000000001,1.46,2.314,0.0,1.543,99.99,0.0,3.0,2025
11308,고영표,3.3,3.141,1.24,8.609,1.677,0.559,5.1333,20.0,26.0,2025
11310,박세웅,4.93,3.8371,1.48,8.739,3.025,0.84,2.8889,12.0,28.0,2025
11318,엄상백,6.580000000000001,5.36781,1.79,8.256,4.24,1.45,1.9474,2.0,16.0,2025
11353,구창모,2.51,2.27911,1.1899999999999995,11.301999999999998,1.884,0.628,6.0,0.0,3.0,2025
11379,최원태,4.92,4.59263,1.44,7.89,3.692,0.941,2.1373,8.0,24.0,2025
11394,배제성,5.67,3.85568,1.8100000000000005,7.667,3.667,0.667,2.0909,0.0,5.0,2025
12565,최성영,6.230000000000001,5.69976,1.89,6.231,5.287,1.133,1.1786,0.0,6.0,2025
12852,최원준,4.71,5.69808,1.34,5.215,3.196,1.514,1.6316,5.0,16.0,2025
12885,문용익,3.14,4.58143,1.4,9.733,5.965,0.942,1.6316,0.0,2.0,2025
12908,손주영,3.41,3.4925000000000006,1.32,7.764999999999999,2.882,0.471,2.6939,14.0,27.0,2025
12928,윤성빈,7.67,3.89271,1.7,14.667,6.667,1.0,2.2,0.0,1.0,2025
12930,나균안,3.87,4.215,1.41,7.601999999999999,3.277,0.852,2.32,9.0,26.0,2025
12944,김건국,6.85,6.60994,1.65,6.065,3.326,2.152,1.8235,0.0,6.0,2025
13057,김주온,27.0,34.8186,6.0,27.0,54.0,0.0,0.5,0.0,1.0,2025
13061,곽빈,4.2,3.7101,1.25,8.808,3.375,0.741,2.6098,7.0,19.0,2025
13072,김민규,4.66,6.9083,1.55,5.586,5.586,0.931,1.0,0.0,1.0,2025
13085,신민혁,4.77,5.17697,1.32,5.727,1.773,1.568,3.2308,5.0,28.0,2025
13092,김선기,5.65,5.79428,1.83,4.962,5.423,0.692,0.9149,0.0,8.0,2025
13126,최민준,3.97,4.64656,1.46,6.03,3.289,0.822,1.8333,0.0,8.0,2025
13130,이채호,6.170000000000001,4.87007,1.46,6.171,3.857,0.771,1.6,0.0,1.0,2025
13156,최채흥,5.28,4.9945,1.69,6.517000000000001,4.345,0.931,1.5,0.0,4.0,2025
13157,양창섭,3.43,4.12181,1.37,6.429,2.714,0.429,2.3684,0.0,6.0,2025
13941,알칸타라,3.27,3.46988,1.12,6.843,0.744,0.818,9.2,14.0,19.0,2025
13942,쿠에바스,5.4,5.6261,1.53,5.492,4.21,1.19,1.3043,7.0,18.0,2025
14113,원태인,3.24,4.36024,1.1,5.832,1.458,1.08,4.0,20.0,27.0,2025
14128,김도현,4.8100000000000005,4.6447,1.45,5.098,2.37,0.79,2.1515,9.0,24.0,2025
14130,박주성,6.58,5.89749,1.52,4.5,2.769,1.558,1.625,2.0,6.0,2025
14132,조영건,5.68,5.97486,1.5699999999999998,5.446,4.4030000000000005,1.391,1.2368,0.0,6.0,2025
14143,이지강,5.32,4.55456,1.56,7.415,4.563,0.761,1.625,0.0,1.0,2025
14163,박진,5.32,4.89364,1.41,6.49,2.856,1.298,2.2727,0.0,5.0,2025
14196,윤산흠,3.78,3.61864,1.26,9.18,2.7,0.54,3.4,0.0,1.0,2025
14573,제환유,4.96,6.69823,1.78,4.408,6.612,1.102,0.6667,0.0,3.0,2025
14581,오원석,3.67,4.03728,1.38,7.685,3.537,0.68,2.1731,12.0,25.0,2025
14593,김태경,10.64,8.88228,2.45,8.182,7.364000000000001,3.273,1.1111,0.0,4.0,2025
14600,소형준,3.3,2.98945,1.25,7.513999999999999,1.7709999999999997,0.367,4.2414,18.0,24.0,2025
14615,황동재,6.970000000000001,4.31058,1.98,9.581,6.097,0.435,1.5714,0.0,1.0,2025
14616,이승민,3.78,4.17667,1.35,7.415,3.637,0.699,2.0385,0.0,1.0,2025
14625,홍민기,3.09,2.17177,1.09,10.969,3.094,0.0,3.5455,0.0,2.0,2025
14687,박시후,3.27,5.44921,1.41,5.847,4.987,0.86,1.1724,0.0,1.0,2025
14770,최승용,4.41,4.36649,1.35,5.493,2.785,0.619,1.9722,9.0,23.0,2025
14788,이의리,7.94,5.81444,1.82,9.529,7.034000000000001,1.361,1.3548,2.0,10.0,2025
14792,김진욱,10.0,8.23716,2.15,8.0,5.333,3.333,1.5,1.0,6.0,2025
14798,이승현,5.420000000000001,5.00417,1.65,6.572,4.086,0.888,1.6087,2.0,23.0,2025
14803,김건우,3.82,4.37016,1.55,9.273,6.682,0.273,1.3878,0.0,13.0,2025
14808,김기중,3.07,4.08228,1.5,4.909,3.682,0.0,1.3333,0.0,2.0,2025
14846,송승기,3.5,4.0992,1.38,7.812000000000001,3.062,0.938,2.551,10.0,27.0,2025
15011,반즈,5.32,4.21207,1.4,7.489,3.35,0.7879999999999999,2.2353,3.0,8.0,2025
15013,문동주,4.02,2.71699,1.18,10.041,2.306,0.521,4.3548,11.0,23.0,2025
15032,전영준,4.61,4.26041,1.41,9.399,4.443,0.8539999999999999,2.1154,0.0,5.0,2025
15045,이민석,5.26,5.66024,1.83,6.286,5.771,1.031,1.0893,4.0,17.0,2025
15063,황동하,5.3,4.24668,1.35,7.822000000000001,2.523,1.009,3.1,0.0,3.0,2025
15104,윤태호,6.75,3.9071,1.21,8.308,2.596,1.038,3.2,0.0,1.0,2025
15111,이준혁,7.299999999999999,6.54026,1.7,7.297,4.865,1.946,1.5,0.0,3.0,2025
15113,김녹원,6.5600000000000005,6.58293,1.74,4.757,6.043,1.286,0.7872,0.0,16.0,2025
15119,조민석,6.92,9.09556,1.77,2.769,7.615,2.077,0.3636,0.0,2.0,2025
15265,코엔 윈,7.039999999999999,6.37081,1.39,3.13,1.565,1.565,2.0,1.0,5.0,2025
15432,윤영철,5.58,4.70464,1.64,7.74,5.4,0.72,1.4333,1.0,13.0,2025
15437,이도현,6.92,5.31864,1.92,6.231,5.538,0.692,1.125,0.0,2.0,2025
15450,신영우,7.53,6.50701,1.67,11.93,10.047,1.256,1.1875000000000002,0.0,3.0,2025
15453,목지훈,6.05,5.74795,1.9,6.982999999999999,6.517000000000001,0.931,1.0714,1.0,15.0,2025
15462,송영진,5.83,5.88601,1.71,5.684,4.405,1.421,1.2903,1.0,8.0,2025
15508,최준호,8.44,7.37489,1.69,6.188,5.062,2.25,1.2222,0.0,3.0,2025
15509,김유성,8.83,6.12826,1.79,11.423,7.269,1.558,1.5714,0.0,4.0,2025
15527,강건,24.55,13.4641,3.82,2.455,17.182,2.455,0.1429,0.0,1.0,2025
15531,후라도,2.6,3.793470000000001,1.08,6.476,1.6419999999999997,0.775,3.9444,23.0,30.0,2025
15861,레예스,4.14,4.31864,1.26,6.3,2.16,0.9,2.9167,2.0,10.0,2025
15866,정민성,36.0,10.3186,3.0,0.0,0.0,0.0,99.99,0.0,1.0,2025
15882,김대호,5.14,5.79483,1.9,8.143,6.429,1.286,1.2667,0.0,4.0,2025
16040,박기호,3.0,6.58531,1.46,4.875,4.5,1.125,1.0833,0.0,1.0,2025
16088,네일,2.25,3.1312199999999994,1.07,8.325,2.245,0.329,3.7073,19.0,27.0,2025
16092,박준우,8.03,3.50513,2.19,8.027,4.378,0.0,1.8333,0.0,1.0,2025
16107,황준서,5.3,4.4615,1.43,9.161,4.179,1.125,2.1923,2.0,12.0,2025
16108,조동욱,4.05,4.62697,1.77,6.45,4.35,0.6,1.4828,0.0,2.0,2025
16122,전준표,8.85,6.54979,2.56,6.639,8.41,0.8849999999999999,0.7895,0.0,1.0,2025
16123,김윤하,6.14,6.314090000000001,1.7800000000000002,5.318,4.5,1.636,1.1818,4.0,18.0,2025
16127,김연주,6.62,6.72509,1.78,4.877,4.355,1.742,1.12,0.0,8.0,2025
16138,헤이수스,3.96,3.65102,1.33,9.073,2.42,0.935,3.75,15.0,30.0,2025
16146,앤더슨,2.25,2.37029,1.0,12.845,2.674,0.682,4.8039,17.0,30.0,2025
16153,와이스,2.87,3.12386,1.02,10.427,2.821,0.655,3.6964,21.0,30.0,2025
16160,에르난데스,4.23,3.82167,1.17,9.955,3.273,0.955,3.0417,7.0,14.0,2025
16250,김태형,4.5600000000000005,6.07357,1.35,5.324,2.662,1.521,2.0,0.0,3.0,2025
16261,올러,3.62,2.9032,1.15,10.208,2.839,0.483,3.5956999999999995,16.0,26.0,2025
16273,데이비슨,3.65,3.84648,1.39,8.684,3.503,0.73,2.4792,11.0,22.0,2025
16286,치리노스,3.31,3.1333300000000004,1.18,6.966,1.831,0.254,3.805600000000001,17.0,30.0,2025
16288,최민석,4.4,4.85083,1.36,6.142,3.94,0.811,1.5588,4.0,15.0,2025
16289,홍민규,4.59,5.60764,1.56,4.59,4.05,1.08,1.1333,0.0,2.0,2025
16298,콜어빈,4.48,4.5926,1.53,7.963,4.915,0.56,1.6203,10.0,28.0,2025
16299,잭로그,2.81,3.26182,1.05,7.977,1.994,0.409,4.0,17.0,29.0,2025
16301,정우주,2.85,3.27765,1.02,13.752,3.522,1.006,3.9048,0.0,2.0,2025
16313,폰세,1.89,1.9227,0.94,12.554,2.042,0.498,6.146300000000001,20.0,29.0,2025
16324,화이트,2.87,3.3825,1.15,9.156,2.941,0.601,3.1136,12.0,24.0,2025
16325,정현우,5.86,5.52315,1.72,6.086,5.311,0.8849999999999999,1.1458,3.0,18.0,2025
16330,박정훈,7.43,7.01429,1.9100000000000004,2.739,7.826,0.391,0.35,0.0,3.0,2025
16331,윤현,8.59,7.36864,2.45,6.135999999999999,9.409,0.818,0.6522,0.0,3.0,2025
16335,정세영,16.88,6.84364,4.88,6.75,13.5,0.0,0.5,0.0,1.0,2025
16339,로젠버그,3.23,3.28545,1.17,9.558,2.987,0.597,3.2,6.0,13.0,2025
16349,라일리,3.45,3.12213,1.12,11.302,2.93,0.942,3.8571,16.0,30.0,2025
16350,로건,4.53,4.39089,1.43,7.751,3.486,0.936,2.2239,16.0,31.0,2025
16391,감보아,3.58,3.44179,1.35,9.75,4.083,0.5,2.3878000000000004,11.0,19.0,2025
16397,가라비토,2.64,3.90587,1.19,9.651,4.251,0.689,2.2703,4.0,15.0,2025
16398,웰스,3.15,3.03864,1.2,7.2,2.7,0.0,2.6667,2.0,4.0,2025
16401,패트릭,3.12,3.66974,1.38,6.676,3.115,0.297,2.1429,2.0,9.0,2025
16403,메르세데스,4.47,3.61217,1.36,7.963999999999999,1.748,0.971,4.5556,2.0,8.0,2025
16404,톨허스트,2.86,3.21182,1.25,9.205,3.273,0.409,2.8125,5.0,8.0,2025
16405,벨라스케즈,8.23,6.21864,1.86,7.2,4.629,1.8,1.5556,1.0,7.0,2025
