sp_name,sp_id
양현종,10058
김광현,10126
박종훈,10131
정우람,10156
이용찬,10217
이재학,10220
장원준,10299
백정현,10363
오승환,10367
정찬헌,10533
류현진,10590
이태양,10609
장민재,10610
임찬규,10652
김대우,10685
이우찬,10749
문승원,10783
한승혁,10812
한현희,10863
임기영,10909
하영민,11222
김유영,11229
이인복,11232
이건욱,11242
조이현,11284
박정수,11300
고영표,11308
박세웅,11310
심재민,11311
엄상백,11318
주권,11323
구창모,11353
김사윤,11364
최원태,11379
배제성,11394
장필준,11404
김민우,11410
박소준,11491
윌커슨,12295
최성영,12565
이영하,12568
최원준,12852
이승호,12865
문용익,12885
손주영,12908
윤성빈,12928
나균안,12930
김건국,12944
김주온,13057
곽빈,13061
박신지,13070
김민규,13072
김시훈,13080
신민혁,13085
안우진,13091
김선기,13092
김영준,13102
조성훈,13125
최민준,13126
이채호,13130
정성종,13147
김동우,13149
최하늘,13152
최채흥,13156
양창섭,13157
김민,13167
홍정우,13242
이상규,13245
김호준,13268
켈리,13934
요키시,13940
알칸타라,13941
쿠에바스,13942
이선우,14111
원태인,14113
김도현,14128
박주성,14130
조영건,14132
이정용,14134
이상영,14135
임준형,14142
이지강,14143
백승건,14145
송명기,14155
박진,14163
윤산흠,14196
김인범,14480
제환유,14573
이종민,14576
오원석,14581
김윤식,14588
이민호,14589
김태경,14593
정구범,14595
소형준,14600
허윤동,14613
황동재,14615
이승민,14616
뷰캐넌,14617
남지민,14619
한승주,14621
홍민기,14625
스트레일리,14627
성재헌,14667
김동혁,14674
박시후,14687
이용준,14763
김동주,14769
최승용,14770
한차현,14776
강효종,14780
장재영,14784
이의리,14788
김진욱,14792
이승현,14798
이재희,14799
김건우,14803
김기중,14808
송승기,14846
이믿음,14847
김규연,14871
수아레즈,15001
플럿코,15003
반즈,15011
문동주,15013
이기순,15028
전영준,15032
이민석,15045
황동하,15063
주승우,15067
윤석원,15071
이명종,15073
이원재,15101
윤태호,15104
이준혁,15111
김녹원,15113
조민석,15119
벤자민,15143
페냐,15146
파노니,15147
브랜든,15153
코엔 윈,15265
김서현,15421
윤영철,15432
이도현,15437
신영우,15450
목지훈,15453
이준호,15455
송영진,15462
오상원,15474
김동규,15485
박명근,15486
이호성,15496
최준호,15508
김유성,15509
강건,15527
맥카티,15528
후라도,15531
앤더슨,15533
메디나,15534
페디,15535
와이드너,15536
딜런,15538
스미스,15540
슐서,15542
산체스,15643
엘리아스,15644
맥키니,15646
산체스,15648
태너,15653
코너,15860
레예스,15861
육선엽,15864
정민성,15866
김대호,15882
엔스,16023
원상현,16027
육청명,16028
박기호,16040
임상현,16053
손주환,16057
카스타노,16064
하트,16065
크로우,16087
네일,16088
정현수,16090
박준우,16092
황준서,16107
조동욱,16108
김도빈,16118
전준표,16122
김윤하,16123
손현기,16125
김연주,16127
헤이수스,16138
더거,16141
앤더슨,16146
시라카와,16148
바리아,16150
알드레드,16151
와이스,16153
발라조빅,16155
에르난데스,16160
라우어,16161
스타우트,16163
김태형,16250
올러,16261
데이비슨,16273
치리노스,16286
최민석,16288
홍민규,16289
콜어빈,16298
잭로그,16299
정우주,16301
폰세,16313
화이트,16324
정현우,16325
박정훈,16330
윤현,16331
정세영,16335
로젠버그,16339
라일리,16349
로건,16350
감보아,16391
가라비토,16397
웰스,16398
패트릭,16401
메르세데스,16403
톨허스트,16404
벨라스케즈,16405
